1303-1304,IH-10 Katy Eastbound from Pederson to Pin Oak,EB,29.77727 29.7773 29.77745 29.77743,-95.88114 -95.85382 -95.83199 -95.8217
411-412,IH-10 Katy Eastbound from Pin Oak to Grand Parkway,EB,29.77743 29.77819 29.77827 29.78168 29.78252 29.78473 29.7855 29.78548 29.78537,-95.8217 -95.81623 -95.81595 -95.8116 -95.81063 -95.80758 -95.80486 -95.80179 -95.77735
412-413,IH-10 Katy Eastbound from Grand Parkway to Westgreen,EB,29.78537 29.7852 29.78527,-95.77735 -95.75188 -95.73574
413-368,IH-10 Katy Eastbound from Westgreen to Greenhouse,EB,29.78527 29.78483 29.78513,-95.73574 -95.71894 -95.706
368-427,IH-10 Katy Eastbound from Greenhouse to SH-6,EB,29.78513 29.78511 29.78463 29.78463,-95.706 -95.70199 -95.68851 -95.64481
427-465,IH-10 Katy Eastbound from SH-6 to Eldridge,EB,29.78463 29.78463 29.78463,-95.64481 -95.63756 -95.61775
465-443,IH-10 Katy Eastbound from Eldridge to Kirkwood,EB,29.78463 29.78456 29.78450,-95.61775 -95.60650 -95.59025
443-466,IH-10 Katy Eastbound from Kirkwood to Beltway 8-West,EB,29.78450 29.78425 29.78431,-95.59025 -95.57562 -95.56294
466-444,IH-10 Katy Eastbound from Beltway 8-West to Blalock,EB,29.78431 29.78413 29.78400 29.78406,-95.56294 -95.54400 -95.53181 -95.52125
444-440,IH-10 Katy Eastbound from Blalock to Bingle/Voss,EB,29.78406 29.78413 29.78381,-95.52125 -95.51389 -95.49875
440-426,IH-10 Katy Eastbound from Bingle/Voss to IH-610 West Loop,EB,29.78381 29.78369 29.78375 29.78400 29.78356 29.78236 29.78044,-95.49875 -95.48487 -95.47556 -95.46800 -95.45943 -95.45675 -95.45369
1310-1311,IH-10 Katy Eastbound from IH-610 West Loop to Washington,EB,29.78044 29.77892 29.77900 29.77750,-95.45369 -95.45009 -95.44365 -95.42905
1311-1312,IH-10 Katy Eastbound from Washington to Shepherd/Durham,EB,29.77750 29.77750 29.77750,-95.42905 -95.41810 -95.41015
1312-1313,IH-10 Katy Eastbound from Shepherd/Durham to IH-45 North,EB,29.77750 29.77652 29.77665 29.77775 29.77881 29.77906 29.77878 29.77819 29.77737 29.7762 29.77379 29.77023,-95.41015 -95.40102 -95.38726 -95.38118 -95.37832 -95.37643 -95.37439 -95.37243 -95.37024 -95.36872 -95.36733 -95.36509
1314-1315,IH-10 Katy Westbound from IH-45 North to Shepherd/Durham,WB,29.77023 29.77379 29.7762 29.77737 29.77819 29.77878 29.77906 29.77881 29.77775 29.77665 29.77652 29.77750,-95.36509 -95.36733 -95.36872 -95.37024 -95.37243 -95.37439 -95.37643 -95.37832 -95.38118 -95.38726 -95.40102 -95.41015
1315-1316,IH-10 Katy Westbound from Shepherd/Durham to Washington,WB,29.77750 29.77750 29.77750,-95.41015 -95.41810 -95.42905
1316-1317,IH-10 Katy Westbound from Washington to IH-610 West Loop,WB,29.77750 29.77900 29.77892 29.78044,-95.42905 -95.44365 -95.45009 -95.45369
425-441,IH-10 Katy Westbound from IH-610 West Loop to Antoine,WB,29.78044 29.78236 29.78356 29.78400 29.78375,-95.45369 -95.45675 -95.45943 -95.46800 -95.47556
441-445,IH-10 Katy Westbound from Antoine to Blalock,WB,29.78375 29.78369 29.78381 29.78413 29.78406,-95.47556 -95.48487 -95.49875 -95.51389 -95.52125
445-467,IH-10 Katy Westbound from Blalock to Beltway 8-West,WB,29.78406 29.78400 29.78413 29.78431,-95.52125 -95.53181 -95.54400 -95.56294
467-442,IH-10 Katy Westbound from Beltway 8-West to Kirkwood,WB,29.78431 29.78425 29.78450,-95.56294 -95.57562 -95.59025
442-396,IH-10 Katy Westbound from Kirkwood to SH-6,WB,29.78450 29.78456 29.78463 29.78463 29.78463,-95.59025 -95.60650 -95.61775 -95.63756 -95.64481
396-369,IH-10 Katy Westbound from SH-6 to Greenhouse,WB,29.78463 29.78463 29.78511 29.78513,-95.64481 -95.68851 -95.70199 -95.706
369-414,IH-10 Katy Westbound from Greenhouse to Westgreen,WB,29.78513 29.78483 29.78527,-95.706 -95.71894 -95.73574
414-415,IH-10 Katy Westbound from Westgreen to Mason,WB,29.78527 29.7852,-95.73574 -95.75188
415-416,IH-10 Katy Westbound from Mason to Pin Oak,WB,29.7852 29.78537 29.78548 29.7855 29.78473 29.78252 29.78168 29.77827 29.77819 29.77743,-95.75188 -95.77735 -95.80179 -95.80486 -95.80758 -95.81063 -95.8116 -95.81595 -95.81623 -95.8217
1305-1306,IH-10 Katy Westbound from Pin Oak to Pederson,WB,29.77743 29.77745 29.7773 29.77727,-95.8217 -95.83199 -95.85382 -95.88114
449-451,IH-10 Katy Managed Lanes Eastbound from SH-6 to Kirkwood,EB,29.78463 29.78463 29.78463 29.78456 29.78450,-95.64481 -95.63756 -95.61775 -95.60650 -95.59025
451-468,IH-10 Katy Managed Lanes Eastbound from Kirkwood to Beltway 8-West,EB,29.78450 29.78425 29.78431,-95.59025 -95.57562 -95.56294
468-453,IH-10 Katy Managed Lanes Eastbound from Beltway 8-West to Blalock,EB,29.78431 29.78413 29.78400 29.78406,-95.56294 -95.54400 -95.53181 -95.52125
453-454,IH-10 Katy Managed Lanes Eastbound from Blalock to Bingle/Voss,EB,29.78406 29.78413 29.78381,-95.52125 -95.51389 -95.49875
454-426,IH-10 Katy Managed Lanes Eastbound from Bingle/Voss to IH-610 West Loop,EB,29.78381 29.78369 29.78375 29.78400 29.78356 29.78236 29.78044,-95.49875 -95.48487 -95.47556 -95.46800 -95.45943 -95.45675 -95.45369
460-455,IH-10 Katy Managed Lanes Westbound from IH-610 West Loop to Antoine,WB,29.78044 29.78236 29.78356 29.78400 29.78375,-95.45369 -95.45675 -95.45943 -95.46800 -95.47556
455-456,IH-10 Katy Managed Lanes Westbound from Antoine to Blalock,WB,29.78375 29.78369 29.78381 29.78413 29.78406,-95.47556 -95.48487 -95.49875 -95.51389 -95.52125
456-469,IH-10 Katy Managed Lanes Westbound from Blalock to Beltway 8-West,WB,29.78406 29.78400 29.78413 29.78431,-95.52125 -95.53181 -95.54400 -95.56294
469-458,IH-10 Katy Managed Lanes Westbound from Beltway 8-West to Kirkwood,WB,29.78431 29.78425 29.78450,-95.56294 -95.57562 -95.59025
458-459,IH-10 Katy Managed Lanes Westbound from Kirkwood to SH-6,WB,29.78450 29.78456 29.78463 29.78463 29.78463,-95.59025 -95.60650 -95.61775 -95.63756 -95.64481
1313-1318,IH-10 East Eastbound from IH-45 North to San Jacinto,EB,29.77023 29.76883 29.76744 29.76714 29.76743 29.76827,-95.36509 -95.36374 -95.36116 -95.35947 -95.35827 -95.35593
1318-1319,IH-10 East Eastbound from San Jacinto to Gregg,EB,29.76827 29.76992 29.77011 29.77001 29.76919 29.76903 29.76927,-95.35593 -95.35212 -95.35041 -95.34699 -95.34133 -95.33947 -95.33574
1319-1320,IH-10 East Eastbound from Gregg to Kress,EB,29.76927 29.77094 29.77285 29.77408 29.7743 29.77432 29.7743,-95.33574 -95.33053 -95.3264 -95.32277 -95.32102 -95.31537 -95.30744
1320-1321,IH-10 East Eastbound from Kress to Gellhorn,EB,29.7743 29.77437 29.77509 29.77774 29.77797 29.77803 29.7781 29.77776 29.7769,-95.30744 -95.30109 -95.29869 -95.2916 -95.2882 -95.28404 -95.2801 -95.27704 -95.2721
1321-1322,IH-10 East Eastbound from Gellhorn to Holland/John Ralston,EB,29.7769 29.77567 29.77365 29.77369 29.7737 29.77311,-95.2721 -95.26401 -95.25126 -95.24736 -95.23562 -95.23291
1322-1323,IH-10 East Eastbound from Holland/John Ralston to Normandy,EB,29.77311 29.77044 29.77036 29.77065 29.77129,-95.23291 -95.22049 -95.21832 -95.21367 -95.20622
1323-1324,IH-10 East Eastbound from Normandy to Beltway 8-East,EB,29.77129 29.77156 29.77067 29.77055 29.77123,-95.20622 -95.19871 -95.18658 -95.18145 -95.15359
1324-1325,IH-10 East Eastbound from Beltway 8-East to Sheldon,EB,29.77123 29.77472 29.77741 29.77811,-95.15359 -95.13844 -95.12856 -95.12441
1325-1326,IH-10 East Eastbound from Sheldon to Monmouth,EB,29.77811 29.77904 29.78118 29.78504 29.79047 29.79135 29.7923,-95.12441 -95.12124 -95.11609 -95.10665 -95.08958 -95.08293 -95.07965
1326-1327,IH-10 East Eastbound from Monmouth to Crosby-Lynchburg,EB,29.7923 29.79526 29.79494 29.79393 29.79092 29.79074,-95.07965 -95.07049 -95.06671 -95.06402 -95.05741 -95.05688
1327-1339,IH-10 East Eastbound from Crosby-Lynchburg to Wade,EB,29.79074 29.79082 29.79754 29.79937 29.79972 29.79984 29.79998,-95.05688 -95.04989 -95.03189 -95.02696 -95.02532 -95.02377 -95.01672
1338-1328,IH-10 East Westbound from Wade to Crosby-Lynchburg,WB,29.79998 29.79984 29.79972 29.79937 29.79754 29.79082 29.79074,-95.01672 -95.02377 -95.02532 -95.02696 -95.03189 -95.04989 -95.05688
1328-1329,IH-10 East Westbound from Crosby-Lynchburg to Monmouth,WB,29.79074 29.79092 29.79393 29.79494 29.79526 29.7923,-95.05688 -95.05741 -95.06402 -95.06671 -95.07049 -95.07965
1329-1330,IH-10 East Westbound from Monmouth to Sheldon,WB,29.7923 29.79135 29.79047 29.78504 29.78118 29.77904 29.77811,-95.07965 -95.08293 -95.08958 -95.10665 -95.11609 -95.12124 -95.12441
1330-1331,IH-10 East Westbound from Sheldon to Beltway 8-East,WB,29.77811 29.77741 29.77472 29.77123,-95.12441 -95.12856 -95.13844 -95.15359
1331-1332,IH-10 East Westbound from Beltway 8-East to Normandy,WB,29.77123 29.77055 29.77067 29.77156 29.77129,-95.15359 -95.18145 -95.18658 -95.19871 -95.20622
1332-1333,IH-10 East Westbound from Normandy to Holland/John Ralston,WB,29.77129 29.77065 29.77036 29.77044 29.77311,-95.20622 -95.21367 -95.21832 -95.22049 -95.23291
1333-1334,IH-10 East Westbound from Holland/John Ralston to Gellhorn,WB,29.77311 29.7737 29.77369 29.77365 29.77567 29.7769,-95.23291 -95.23562 -95.24736 -95.25126 -95.26401 -95.2721
1334-1335,IH-10 East Westbound from Gellhorn to Kress,WB,29.7769 29.77776 29.7781 29.77803 29.77797 29.77774 29.77509 29.77437 29.7743,-95.2721 -95.27704 -95.2801 -95.28404 -95.2882 -95.2916 -95.29869 -95.30109 -95.30744
1335-1336,IH-10 East Westbound from Kress to Gregg,WB,29.7743 29.77432 29.7743 29.77408 29.77285 29.77094 29.76927,-95.30744 -95.31537 -95.32102 -95.32277 -95.3264 -95.33053 -95.33574
1336-1337,IH-10 East Westbound from Gregg to San Jacinto,WB,29.76927 29.76903 29.76919 29.77001 29.77011 29.76992 29.76827,-95.33574 -95.33947 -95.34133 -95.34699 -95.35041 -95.35212 -95.35593
1337-1314,IH-10 East Westbound from San Jacinto to IH-45 North,WB,29.76827 29.76743 29.76714 29.76744 29.76883 29.77023,-95.35593 -95.35827 -95.35947 -95.36116 -95.36374 -95.36509
1261-1259,IH-45 North Southbound from Woodlands Parkway to Hardy Toll Road,SB,30.15706 30.12675 30.11898 30.1135 30.112 30.1067,-95.44925 -95.44319 -95.44137 -95.43712 -95.43694 -95.4356
1259-1257,IH-45 North Southbound from Hardy Toll Road to Louetta,SB,30.1067 30.08868 30.08292 30.07495 30.06658,-95.4356 -95.4353 -95.43673 -95.4359 -95.43445
1257-1255,IH-45 North Southbound from Louetta to FM-1960,SB,30.06658 30.05258 30.03799 30.02852 30.0212,-95.43445 -95.4319 -95.42933 -95.4292 -95.42895
1255-1253,IH-45 North Southbound from FM-1960 to Airtex,SB,30.0212 30.006 29.9978 29.98195,-95.42895 -95.427 -95.42568 -95.42242
1253-1251,IH-45 North Southbound from Airtex to Greens,SB,29.98195 29.96582 29.95828 29.9491,-95.42242 -95.4189 -95.41858 -95.41698
1251-1249,IH-45 North Southbound from Greens to West,SB,29.9491 29.94052 29.93178 29.91502,-95.41698 -95.41372 -95.4118 -95.4126
1249-1247,IH-45 North Southbound from West to Little York,SB,29.91502 29.8982 29.88902 29.87603 29.8699,-95.4126 -95.41225 -95.41205 -95.41152 -95.40778
1247-1245,IH-45 North Southbound from Little York to Tidwell,SB,29.8699 29.8595 29.8456,-95.40778 -95.40242 -95.39278
1245-1243,IH-45 North Southbound from Tidwell to Cavalcade,SB,29.8456 29.83325 29.82868 29.81395 29.80758 29.8038,-95.39278 -95.3843 -95.3811 -95.3756 -95.37333 -95.3726
1243-1239,IH-45 North Southbound from Cavalcade to Allen Parkway,SB,29.8038 29.7981 29.7899 29.78762 29.78555 29.7838 29.78099 29.7793 29.77702 29.77393 29.77135 29.76898 29.7655 29.7655 29.76378 29.7624 29.76015,-95.3726 -95.37192 -95.37192 -95.37112 -95.36958 -95.36869 -95.36832 -95.36849 -95.36858 -95.36677 -95.36521 -95.36566 -95.3672 -95.3672 -95.36928 -95.37222 -95.37412
1238-1242,IH-45 North Northbound from Allen Parkway to Cavalcade,NB,29.76015 29.7624 29.76378 29.7655 29.7655 29.76898 29.77135 29.77393 29.77702 29.7793 29.78099 29.7838 29.78555 29.78762 29.7899 29.7981 29.8038,-95.37412 -95.37222 -95.36928 -95.3672 -95.3672 -95.36566 -95.36521 -95.36677 -95.36858 -95.36849 -95.36832 -95.36869 -95.36958 -95.37112 -95.37192 -95.37192 -95.3726
1242-1244,IH-45 North Northbound from Cavalcade to Tidwell,NB,29.8038 29.80758 29.81395 29.82868 29.83325 29.8456,-95.3726 -95.37333 -95.3756 -95.3811 -95.3843 -95.39278
1244-1246,IH-45 North Northbound from Tidwell to Little York,NB,29.8456 29.8595 29.8699,-95.39278 -95.40242 -95.40778
1246-1248,IH-45 North Northbound from Little York to West,NB,29.8699 29.87603 29.88902 29.8982 29.91502,-95.40778 -95.41152 -95.41205 -95.41225 -95.4126
1248-1250,IH-45 North Northbound from West to Greens,NB,29.91502 29.93178 29.94052 29.9491,-95.4126 -95.4118 -95.41372 -95.41698
1250-1252,IH-45 North Northbound from Greens to Airtex,NB,29.9491 29.95828 29.96582 29.98195,-95.41698 -95.41858 -95.4189 -95.42242
1252-1254,IH-45 North Northbound from Airtex to FM-1960,NB,29.98195 29.9978 30.006 30.0212,-95.42242 -95.42568 -95.427 -95.42895
1254-1256,IH-45 North Northbound from FM-1960 to Louetta,NB,30.0212 30.02852 30.03799 30.05258 30.06658,-95.42895 -95.4292 -95.42933 -95.4319 -95.43445
1256-1258,IH-45 North Northbound from Louetta to Hardy Toll Road,NB,30.06658 30.07495 30.08292 30.08868 30.1067,-95.43445 -95.4359 -95.43673 -95.4353 -95.4356
1258-1260,IH-45 North Northbound from Hardy Toll Road to Woodlands Parkway,NB,30.1067 30.112 30.1135 30.11898 30.12675 30.15706,-95.4356 -95.43694 -95.43712 -95.44137 -95.44319 -95.44925
287-64,IH-45 North HOV Southbound from FM-1960 to Aldine-Bender (FM-525),SB,30.0212 30.006 29.9978 29.98195 29.96582 29.95828 29.9491 29.94052 29.93178,-95.42895 -95.427 -95.42568 -95.42242 -95.4189 -95.41858 -95.41698 -95.41372 -95.4118
64-65,IH-45 North HOV Southbound from Aldine-Bender (FM-525) to North Shepherd,SB,29.93178 29.91502 29.8982 29.88902 29.87603,-95.4118 -95.4126 -95.41225 -95.41205 -95.41152
65-66,IH-45 North HOV Southbound from North Shepherd to Crosstimbers,SB,29.87603 29.8699 29.8595 29.8456 29.83325 29.82868,-95.41152 -95.40778 -95.40242 -95.39278 -95.3843 -95.3811
66-506,IH-45 North HOV Southbound from Crosstimbers to Quitman,SB,29.82868 29.81395 29.80758 29.8038 29.7981 29.7899 29.78762 29.78555 29.7838 29.78099 29.7793,-95.3811 -95.3756 -95.37333 -95.3726 -95.37192 -95.37192 -95.37112 -95.36958 -95.36869 -95.36832 -95.36849
1239-1237,IH-45 Gulf Southbound from Allen Parkway to Scott,SB,29.76015 29.75779 29.75279 29.75171 29.75095 29.7486 29.74454 29.74279 29.73558,-95.37412 -95.37469 -95.37457 -95.37416 -95.37355 -95.37012 -95.36275 -95.35842 -95.34748
1237-1235,IH-45 Gulf Southbound from Scott to Telephone,SB,29.73558 29.73168 29.72812 29.71832,-95.34748 -95.34218 -95.33702 -95.32068
1235-1233,IH-45 Gulf Southbound from Telephone to IH-610 South Loop,SB,29.71832 29.71502 29.70848 29.70212 29.69732,-95.32068 -95.31537 -95.30532 -95.29552 -95.28852
1233-1231,IH-45 Gulf Southbound from IH-610 South Loop to Monroe,SB,29.69732 29.68542 29.67562 29.66918,-95.28852 -95.27742 -95.26773 -95.26222
1231-1229,IH-45 Gulf Southbound from Monroe to Edgebrook,SB,29.66918 29.65242 29.64072,-95.26222 -95.25138 -95.24328
1229-1205,IH-45 Gulf Southbound from Edgebrook to Fuqua,SB,29.64072 29.62771 29.61609,-95.24328 -95.22874 -95.21608
1205-1206,IH-45 Gulf Southbound from Fuqua to Dixie Farm Road (FM-1959),SB,29.61609 29.60651 29.58663,-95.21608 -95.20536 -95.18433
1206-1207,IH-45 Gulf Southbound from Dixie Farm Road (FM-1959) to El Dorado,SB,29.58663 29.55348,-95.18433 -95.15418
1207-1208,IH-45 Gulf Southbound from El Dorado to Clear Creek,SB,29.55348 29.54032 29.52857 29.52262 29.508,-95.15418 -95.14167 -95.13068 -95.12578 -95.11703
1208-1213,IH-45 Gulf Southbound from Clear Creek to FM-646,SB,29.508 29.50306 29.49112 29.48869 29.47144 29.466,-95.11703 -95.11403 -95.10684 -95.10547 -95.09503 -95.09072
1212-1201,IH-45 Gulf Northbound from FM-646 to Clear Creek,NB,29.466 29.47144 29.48869 29.49112 29.50306 29.508,-95.09072 -95.09503 -95.10547 -95.10684 -95.11403 -95.11703
1201-1202,IH-45 Gulf Northbound from Clear Creek to El Dorado,NB,29.508 29.52262 29.52857 29.54032 29.55348,-95.11703 -95.12578 -95.13068 -95.14167 -95.15418
1202-1203,IH-45 Gulf Northbound from El Dorado to Dixie Farm Road (FM-1959),NB,29.55348 29.58663,-95.15418 -95.18433
1203-1204,IH-45 Gulf Northbound from Dixie Farm Road (FM-1959) to Fuqua,NB,29.58663 29.60651 29.61609,-95.18433 -95.20536 -95.21608
1204-1228,IH-45 Gulf Northbound from Fuqua to Edgebrook,NB,29.61609 29.62771 29.64072,-95.21608 -95.22874 -95.24328
1228-1230,IH-45 Gulf Northbound from Edgebrook to Monroe,NB,29.64072 29.65242 29.66918,-95.24328 -95.25138 -95.26222
1230-1232,IH-45 Gulf Northbound from Monroe to IH-610 South Loop,NB,29.66918 29.67562 29.68542 29.69732,-95.26222 -95.26773 -95.27742 -95.28852
1232-1234,IH-45 Gulf Northbound from IH-610 South Loop to Telephone,NB,29.69732 29.70212 29.70848 29.71502 29.71832,-95.28852 -95.29552 -95.30532 -95.31537 -95.32068
1234-1236,IH-45 Gulf Northbound from Telephone to Scott,NB,29.71832 29.72812 29.73168 29.73558,-95.32068 -95.33702 -95.34218 -95.34748
1236-1238,IH-45 Gulf Northbound from Scott to Allen Parkway,NB,29.73558 29.74279 29.74454 29.7486 29.75095 29.75171 29.75279 29.75779 29.76015,-95.34748 -95.35842 -95.36275 -95.37012 -95.37355 -95.37416 -95.37457 -95.37469 -95.37412
508-504,IH-45 Gulf HOV Northbound from Dixie Farm Road (FM-1959) to Monroe,NB,29.58663 29.60651 29.61609 29.62771 29.64072 29.65242 29.66918,-95.18433 -95.20536 -95.21608 -95.22874 -95.24328 -95.25138 -95.26222
504-114,IH-45 Gulf HOV Northbound from Monroe to Broadway,NB,29.66918 29.67562 29.68542,-95.26222 -95.26773 -95.27742
114-116,IH-45 Gulf HOV Northbound from Broadway to Wayside,NB,29.68542 29.69732 29.70212 29.70848 29.71502,-95.27742 -95.28852 -95.29552 -95.30532 -95.31537
116-510,IH-45 Gulf HOV Northbound from Wayside to Dowling,NB,29.71502 29.71832 29.72812 29.73168 29.73558 29.74279,-95.31537 -95.32068 -95.33702 -95.34218 -95.34748 -95.35842
1513-1514,US-59 Eastex Southbound from Sorters-McClellan to Townsen,SB,30.0352 30.0335 30.01812,-95.25663 -95.25702 -95.26219
1514-1515,US-59 Eastex Southbound from Townsen to Will Clayton,SB,30.01812 30.00306 29.98569,-95.26219 -95.26888 -95.27588
1515-1502,US-59 Eastex Southbound from Will Clayton to Greens,SB,29.98569 29.96569 29.95225,-95.27588 -95.28456 -95.29044
1502-1503,US-59 Eastex Southbound from Greens to Greens Bayou,SB,29.95225 29.94012 29.924 29.91843,-95.29044 -95.29581 -95.30263 -95.30685
1503-1516,US-59 Eastex Southbound from Greens Bayou to Mount Houston,SB,29.91843 29.91659 29.91019 29.89087,-95.30685 -95.30807 -95.30869 -95.31806
1516-1517,US-59 Eastex Southbound from Mount Houston to Parker,SB,29.89087 29.87956 29.87025 29.86656 29.85944,-95.31806 -95.32463 -95.33 -95.33238 -95.3335
1517-1518,US-59 Eastex Southbound from Parker to Crosstimbers,SB,29.85944 29.84875 29.84075 29.82919,-95.3335 -95.33363 -95.33344 -95.33525
1518-1519,US-59 Eastex Southbound from Crosstimbers to IH-610 North Loop,SB,29.82919 29.82213 29.81325 29.81019 29.808,-95.33525 -95.33531 -95.335 -95.33528 -95.33631
1519-1520,US-59 Eastex Southbound from IH-610 North Loop to Quitman,SB,29.808 29.80434 29.8015 29.79375 29.78356,-95.33631 -95.33912 -95.33994 -95.33975 -95.33994
1520-1521,US-59 Eastex Southbound from Quitman to IH-45 Gulf,SB,29.78356 29.76931 29.76644 29.76156 29.74457,-95.33994 -95.34138 -95.34781 -95.34988 -95.36338
1521-1531,US-59 Eastex Southbound from IH-45 Gulf to SH-288,SB,29.74457 29.73855 29.73662 29.7336,-95.36338 -95.3673 -95.36872 -95.37128
1560-1504,US-59 Eastex Northbound from SH-288 to IH-45 Gulf,NB,29.7336 29.73662 29.73855 29.74457,-95.37128 -95.36872 -95.3673 -95.36338
1504-1505,US-59 Eastex Northbound from IH-45 Gulf to Quitman,NB,29.74457 29.76156 29.76644 29.76931 29.78356,-95.36338 -95.34988 -95.34781 -95.34138 -95.33994
1505-1506,US-59 Eastex Northbound from Quitman to IH-610 North Loop,NB,29.78356 29.79375 29.8015 29.80434 29.808,-95.33994 -95.33975 -95.33994 -95.33912 -95.33631
1506-1507,US-59 Eastex Northbound from IH-610 North Loop to Crosstimbers,NB,29.808 29.81019 29.81325 29.82213 29.82919,-95.33631 -95.33528 -95.335 -95.33531 -95.33525
1507-1508,US-59 Eastex Northbound from Crosstimbers to Parker,NB,29.82919 29.84075 29.84875 29.85944,-95.33525 -95.33344 -95.33363 -95.3335
1508-1509,US-59 Eastex Northbound from Parker to Mount Houston,NB,29.85944 29.86656 29.87025 29.87956 29.89087,-95.3335 -95.33238 -95.33 -95.32463 -95.31806
1509-1500,US-59 Eastex Northbound from Mount Houston to Greens Bayou,NB,29.89087 29.91019 29.91659 29.91843,-95.31806 -95.30869 -95.30807 -95.30685
1500-1501,US-59 Eastex Northbound from Greens Bayou to Greens,NB,29.91843 29.924 29.94012 29.95225,-95.30685 -95.30263 -95.29581 -95.29044
1501-1510,US-59 Eastex Northbound from Greens to Will Clayton,NB,29.95225 29.96569 29.98569,-95.29044 -95.28456 -95.27588
1510-1511,US-59 Eastex Northbound from Will Clayton to Townsen,NB,29.98569 30.00306 30.01812,-95.27588 -95.26888 -95.26219
1511-1512,US-59 Eastex Northbound from Townsen to Sorters-McClellan,NB,30.01812 30.0335 30.0352,-95.26219 -95.25702 -95.25663
382-432,US-59 Eastex HOV Southbound from Townsen to Will Clayton,SB,30.01812 30.00306 29.98569,-95.26219 -95.26888 -95.27588
432-383,US-59 Eastex HOV Southbound from Will Clayton to Beltway 8-North,SB,29.98569 29.96569 29.95225 29.94012,-95.27588 -95.28456 -95.29044 -95.29581
383-384,US-59 Eastex HOV Southbound from Beltway 8-North to Aldine Mail Route,SB,29.94012 29.924 29.91843 29.91659 29.91019,-95.29581 -95.30263 -95.30685 -95.30807 -95.30869
384-385,US-59 Eastex HOV Southbound from Aldine Mail Route to Tidwell,SB,29.91019 29.89087 29.87956 29.87025 29.86656 29.85944 29.84875,-95.30869 -95.31806 -95.32463 -95.33 -95.33238 -95.3335 -95.33363
385-436,US-59 Eastex HOV Southbound from Tidwell to Quitman,SB,29.84875 29.84075 29.82919 29.82213 29.81325 29.81019 29.808 29.80434 29.8015 29.79375 29.78356,-95.33363 -95.33344 -95.33525 -95.33531 -95.335 -95.33528 -95.33631 -95.33912 -95.33994 -95.33975 -95.33994
1531-1532,US-59 Southwest Southbound from SH-288 to Shepherd,SB,29.7336 29.73298 29.73242 29.7323 29.73215 29.73185 29.7313 29.73088 29.7309,-95.37128 -95.37535 -95.38312 -95.38452 -95.38845 -95.39105 -95.39948 -95.407 -95.41065
1532-1533,US-59 Southwest Southbound from Shepherd to Weslayan,SB,29.7309 29.73083 29.73062 29.7299 29.7292 29.72895,-95.41065 -95.41285 -95.41868 -95.42815 -95.43357 -95.4415
1533-1534,US-59 Southwest Southbound from Weslayan to Chimney Rock,SB,29.72895 29.73018 29.7288 29.72632 29.72598,-95.4415 -95.4515 -95.46053 -95.46825 -95.47658
1534-1535,US-59 Southwest Southbound from Chimney Rock to Westpark,SB,29.72598 29.72588 29.72571 29.72059,-95.47658 -95.48422 -95.48783 -95.49483
1535-1536,US-59 Southwest Southbound from Westpark to Bellaire,SB,29.72059 29.71682 29.7044,-95.49483 -95.49928 -95.51318
1536-1537,US-59 Southwest Southbound from Bellaire to Beechnut,SB,29.7044 29.7003 29.69205,-95.51318 -95.51782 -95.52717
1537-1538,US-59 Southwest Southbound from Beechnut to Beltway 8-West,SB,29.69205 29.688 29.68085 29.67577 29.66098,-95.52717 -95.53075 -95.53662 -95.54213 -95.55803
1538-1539,US-59 Southwest Southbound from Beltway 8-West to W Airport,SB,29.66098 29.65398 29.65142 29.64405,-95.55803 -95.56565 -95.5684 -95.57612
1539-1540,US-59 Southwest Southbound from W Airport to Kirkwood,SB,29.64405 29.63913,-95.57612 -95.58136
1540-1541,US-59 Southwest Southbound from Kirkwood to Dairy-Ashford,SB,29.63913 29.62771 29.62174,-95.58136 -95.59363 -95.60161
1541-1542,US-59 Southwest Southbound from Dairy-Ashford to SH-6,SB,29.62174 29.61738 29.61383 29.60697 29.59841,-95.60161 -95.60496 -95.60758 -95.61363 -95.62249
1542-1543,US-59 Southwest Southbound from SH-6 to University,SB,29.59841 29.59361 29.58928 29.58103,-95.62249 -95.62796 -95.63468 -95.64787
1543-1544,US-59 Southwest Southbound from University to SH-99,SB,29.58103 29.56808 29.56553 29.56422 29.5623 29.56137,-95.64787 -95.66826 -95.67271 -95.67673 -95.68599 -95.6905
1544-1545,US-59 Southwest Southbound from SH-99 to Williams Way,SB,29.56137 29.55568,-95.6905 -95.71733
1546-1547,US-59 Southwest Northbound from Williams Way to SH-99,NB,29.55568 29.56137,-95.71733 -95.6905
1547-1548,US-59 Southwest Northbound from SH-99 to University,NB,29.56137 29.5623 29.56422 29.56553 29.56808 29.58103,-95.6905 -95.68599 -95.67673 -95.67271 -95.66826 -95.64787
1548-1549,US-59 Southwest Northbound from University to SH-6,NB,29.58103 29.58928 29.59361 29.59841,-95.64787 -95.63468 -95.62796 -95.62249
1549-1550,US-59 Southwest Northbound from SH-6 to Dairy-Ashford,NB,29.59841 29.60697 29.61383 29.61738 29.62174,-95.62249 -95.61363 -95.60758 -95.60496 -95.60161
1550-1551,US-59 Southwest Northbound from Dairy-Ashford to Kirkwood,NB,29.62174 29.62771 29.63913,-95.60161 -95.59363 -95.58136
1551-1552,US-59 Southwest Northbound from Kirkwood to W Airport,NB,29.63913 29.64405,-95.58136 -95.57612
1552-1553,US-59 Southwest Northbound from W Airport to Beltway 8-West,NB,29.64405 29.65142 29.65398 29.66098,-95.57612 -95.5684 -95.56565 -95.55803
1553-1554,US-59 Southwest Northbound from Beltway 8-West to Beechnut,NB,29.66098 29.67577 29.68085 29.688 29.69205,-95.55803 -95.54213 -95.53662 -95.53075 -95.52717
1554-1555,US-59 Southwest Northbound from Beechnut to Bellaire,NB,29.69205 29.7003 29.7044,-95.52717 -95.51782 -95.51318
1555-1556,US-59 Southwest Northbound from Bellaire to Westpark,NB,29.7044 29.71682 29.72059,-95.51318 -95.49928 -95.49483
1556-1557,US-59 Southwest Northbound from Westpark to Chimney Rock,NB,29.72059 29.72571 29.72588 29.72598,-95.49483 -95.48783 -95.48422 -95.47658
1557-1558,US-59 Southwest Northbound from Chimney Rock to Weslayan,NB,29.72598 29.72632 29.7288 29.73018 29.72895,-95.47658 -95.46825 -95.46053 -95.4515 -95.4415
1558-1559,US-59 Southwest Northbound from Weslayan to Shepherd,NB,29.72895 29.7292 29.7299 29.73062 29.73083 29.7309,-95.4415 -95.43357 -95.42815 -95.41868 -95.41285 -95.41065
1559-1560,US-59 Southwest Northbound from Shepherd to SH-288,NB,29.7309 29.73088 29.7313 29.73185 29.73215 29.7323 29.73242 29.73298 29.7336,-95.41065 -95.407 -95.39948 -95.39105 -95.38845 -95.38452 -95.38312 -95.37535 -95.37128
500-164,US-59 Southwest HOV Northbound from W Airport to Bissonnet,NB,29.64405 29.65142 29.65398 29.66098 29.67577,-95.57612 -95.5684 -95.56565 -95.55803 -95.54213
164-165,US-59 Southwest HOV Northbound from Bissonnet to Hillcroft,NB,29.67577 29.68085 29.688 29.69205 29.7003 29.7044 29.71682,-95.54213 -95.53662 -95.53075 -95.52717 -95.51782 -95.51318 -95.49928
165-166,US-59 Southwest HOV Northbound from Hillcroft to IH-610 West Loop,NB,29.71682 29.72059 29.72571 29.72588 29.72598 29.72632 29.7288,-95.49928 -95.49483 -95.48783 -95.48422 -95.47658 -95.46825 -95.46053
166-167,US-59 Southwest HOV Northbound from IH-610 West Loop to Newcastle,NB,29.7288 29.73018,-95.46053 -95.4515
167-502,US-59 Southwest HOV Northbound from Newcastle to Spur-527,NB,29.73018 29.72895 29.7292 29.7299 29.73062 29.73083 29.7309 29.73088 29.7313 29.73185 29.73215,-95.4515 -95.4415 -95.43357 -95.42815 -95.41868 -95.41285 -95.41065 -95.407 -95.39948 -95.39105 -95.38845
1617-1615,US-290 Northwest Eastbound from FM-2920 to Kickapoo Rd,EB,30.06334 30.05503 30.04767,-95.90884 -95.88528 -95.8741
1615-1613,US-290 Northwest Eastbound from Kickapoo Rd to Roberts Rd,EB,30.04767 30.04311 30.0387 30.03368 30.03217 30.02562 30.02281 30.01638,-95.8741 -95.8673 -95.85721 -95.84485 -95.84316 -95.83795 -95.83208 -95.81522
1613-1611,US-290 Northwest Eastbound from Roberts Rd to Bauer Rd,EB,30.01638 30.01025 30.00311,-95.81522 -95.79928 -95.78014
1611-1609,US-290 Northwest Eastbound from Bauer Rd to Mueschke Rd,EB,30.00311 29.9883 29.97906,-95.78014 -95.74098 -95.71701
1609-1607,US-290 Northwest Eastbound from Mueschke Rd to Barker-Cypress,EB,29.97906 29.9736 29.97167 29.96956 29.9647 29.96298 29.95323,-95.71701 -95.69959 -95.69444 -95.69217 -95.68949 -95.68776 -95.67350
1607-1627,US-290 Northwest Eastbound from Barker-Cypress to Huffmeister,EB,29.95323 29.93660 29.92413 29.92333,-95.67350 -95.64988 -95.63195 -95.62850
1627-1629,US-290 Northwest Eastbound from Huffmeister to SH-6/FM-1960,EB,29.92333 29.92322 29.92240 29.9186 29.91658,-95.62850 -95.62437 -95.62240 -95.61721 -95.61605
1629-1631,US-290 Northwest Eastbound from SH-6/FM-1960 to West,EB,29.91658 29.91085 29.90698 29.90320 29.90089,-95.61605 -95.61230 -95.60810 -95.60265 -95.59938
1631-1633,US-290 Northwest Eastbound from West to Senate,EB,29.90089 29.89048 29.87945 29.87685,-95.59938 -95.58450 -95.56878 -95.56323
1633-1635,US-290 Northwest Eastbound from Senate to Fairbanks-North Houston,EB,29.87685 29.87360 29.87035 29.86698 29.85955,-95.56323 -95.55545 -95.54830 -95.54092 -95.52433
1635-1602,US-290 Northwest Eastbound from Fairbanks-North Houston to West 34th,EB,29.85955 29.85133 29.84890 29.84148 29.83815 29.83315 29.82367 29.81949,-95.52433 -95.50978 -95.50558 -95.49248 -95.48885 -95.48347 -95.47337 -95.46874
1602-1603,US-290 Northwest Eastbound from West 34th to IH-610 West Loop,EB,29.81949 29.81036 29.80746 29.80236,-95.46874 -95.459 -95.45582 -95.45084
1600-1601,US-290 Northwest Westbound from IH-610 West Loop to West 34th,WB,29.80236 29.80746 29.81036 29.81949,-95.45084 -95.45582 -95.459 -95.46874
1601-1634,US-290 Northwest Westbound from West 34th to Fairbanks-North Houston,WB,29.81949 29.82367 29.83315 29.83815 29.84148 29.84890 29.85133 29.85955,-95.46874 -95.47337 -95.48347 -95.48885 -95.49248 -95.50558 -95.50978 -95.52433
1634-1632,US-290 Northwest Westbound from Fairbanks-North Houston to Senate,WB,29.85955 29.86698 29.87035 29.87360 29.87685,-95.52433 -95.54092 -95.54830 -95.55545 -95.56323
1632-1630,US-290 Northwest Westbound from Senate to West,WB,29.87685 29.87945 29.89048 29.90089,-95.56323 -95.56878 -95.58450 -95.59938
1630-1628,US-290 Northwest Westbound from West to SH-6/FM-1960,WB,29.90089 29.90320 29.90698 29.91085 29.91658,-95.59938 -95.60265 -95.60810 -95.61230 -95.61605
1628-1626,US-290 Northwest Westbound from SH-6/FM-1960 to Huffmeister,WB,29.91658 29.9186 29.92240 29.92322 29.92333,-95.61605 -95.61721 -95.62240 -95.62437 -95.62850
1626-1606,US-290 Northwest Westbound from Huffmeister to Barker-Cypress,WB,29.92333 29.92413 29.93660 29.95323,-95.62850 -95.63195 -95.64988 -95.67350
1606-1608,US-290 Northwest Westbound from Barker-Cypress to Mueschke Rd,WB,29.95323 29.96298 29.9647 29.96956 29.97167 29.9736 29.97906,-95.67350 -95.68776 -95.68949 -95.69217 -95.69444 -95.69959 -95.71701
1608-1610,US-290 Northwest Westbound from Mueschke Rd to Bauer Rd,WB,29.97906 29.9883 30.00311,-95.71701 -95.74098 -95.78014
1610-1612,US-290 Northwest Westbound from Bauer Rd to Roberts Rd,WB,30.00311 30.01025 30.01638,-95.78014 -95.79928 -95.81522
1612-1614,US-290 Northwest Westbound from Roberts Rd to Kickapoo Rd,WB,30.01638 30.02281 30.02562 30.03217 30.03368 30.0387 30.04311 30.04767,-95.81522 -95.83208 -95.83795 -95.84316 -95.84485 -95.85721 -95.8673 -95.8741
1614-1616,US-290 Northwest Westbound from Kickapoo Rd to FM-2920,WB,30.04767 30.05503 30.06334,-95.8741 -95.88528 -95.90884
36-37,US-290 Northwest HOV Eastbound from West to Beltway 8-West,EB,29.90089 29.89048 29.87945 29.87685 29.87360,-95.59938 -95.58450 -95.56878 -95.56323 -95.55545
37-42,US-290 Northwest HOV Eastbound from Beltway 8-West to IH-610 West Loop,EB,29.87360 29.87035 29.86698 29.85955 29.85133 29.84890 29.84148 29.83815 29.83315 29.82367 29.81949 29.81036 29.80746 29.80236,-95.55545 -95.54830 -95.54092 -95.52433 -95.50978 -95.50558 -95.49248 -95.48885 -95.48347 -95.47337 -95.46874 -95.459 -95.45582 -95.45084
1881-1882,SH-288 Southbound from US-59 Southwest to Holcombe/Old Spanish Trail,SB,29.73237 29.72831 29.72485 29.72213 29.71931 29.71581 29.7125 29.706 29.70112,-95.37175 -95.37326 -95.37588 -95.37712 -95.37783 -95.37874 -95.37875 -95.37538 -95.37512
1882-1883,SH-288 Southbound from Holcombe/Old Spanish Trail to IH-610 South Loop,SB,29.70112 29.69799 29.68663 29.6805,-95.37512 -95.37601 -95.37925 -95.381
1883-1884,SH-288 Southbound from IH-610 South Loop to Reed,SB,29.6805 29.67495 29.671 29.66785 29.66223 29.65775,-95.381 -95.3817 -95.38193 -95.3832 -95.38598 -95.3873
1884-1885,SH-288 Southbound from Reed to Orem,SB,29.65775 29.64335 29.62743,-95.3873 -95.3873 -95.38729
1885-1886,SH-288 Southbound from Orem to Beltway 8-South,SB,29.62743 29.61395 29.59725,-95.38729 -95.3869 -95.3865
1886-1887,SH-288 Southbound from Beltway 8-South to McHard,SB,29.59725 29.58025,-95.3865 -95.3862
1887-1888,SH-288 Southbound from McHard to FM-518,SB,29.58025 29.57066 29.55589,-95.3862 -95.38652 -95.38769
1888-1889,SH-288 Southbound from FM-518 to County Road 101,SB,29.55589 29.54143 29.5261,-95.38769 -95.38729 -95.38713
1889-1890,SH-288 Southbound from County Road 101 to County Road 58,SB,29.5261 29.52995 29.51237,-95.38713 -95.38696 -95.38738
1890-1891,SH-288 Southbound from County Road 58 to SH-6,SB,29.51237 29.49946 29.4981 29.49105 29.48246,-95.38738 -95.38958 -95.3901 -95.39416 -95.40097
1870-1871,SH-288 Northbound from SH-6 to County Road 58,NB,29.48246 29.49105 29.4981 29.49946 29.51237,-95.40097 -95.39416 -95.3901 -95.38958 -95.38738
1871-1872,SH-288 Northbound from County Road 58 to County Road 101,NB,29.51237 29.52995 29.5261,-95.38738 -95.38696 -95.38713
1872-1873,SH-288 Northbound from County Road 101 to FM-518,NB,29.5261 29.54143 29.55589,-95.38713 -95.38729 -95.38769
1873-1874,SH-288 Northbound from FM-518 to McHard,NB,29.55589 29.57066 29.58025,-95.38769 -95.38652 -95.3862
1874-1875,SH-288 Northbound from McHard to Beltway 8-South,NB,29.58025 29.59725,-95.3862 -95.3865
1875-1876,SH-288 Northbound from Beltway 8-South to Orem,NB,29.59725 29.61395 29.62743,-95.3865 -95.3869 -95.38729
1876-1877,SH-288 Northbound from Orem to Reed,NB,29.62743 29.64335 29.65775,-95.38729 -95.3873 -95.3873
1877-1878,SH-288 Northbound from Reed to IH-610 South Loop,NB,29.65775 29.66223 29.66785 29.671 29.67495 29.6805,-95.3873 -95.38598 -95.3832 -95.38193 -95.3817 -95.381
1878-1879,SH-288 Northbound from IH-610 South Loop to Holcombe/Old Spanish Trail,NB,29.6805 29.68663 29.69799 29.70112,-95.381 -95.37925 -95.37601 -95.37512
1879-1880,SH-288 Northbound from Holcombe/Old Spanish Trail to US-59 Southwest,NB,29.70112 29.706 29.7125 29.71581 29.71931 29.72213 29.72485 29.72831 29.73237,-95.37512 -95.37538 -95.37875 -95.37874 -95.37783 -95.37712 -95.37588 -95.37326 -95.37175
1104-1105,IH-610 West Loop Southbound from Shepherd to IH-10 Katy,SB,29.8129 29.8127 29.81218 29.80683 29.80158 29.79975 29.79455 29.79118 29.7837 29.78055,-95.41085 -95.42938 -95.43333 -95.445 -95.44874 -95.44945 -95.45072 -95.45162 -95.45212 -95.45372
1105-1106,IH-610 West Loop Southbound from IH-10 Katy to Post Oak,SB,29.78055 29.77846 29.77332 29.7599 29.75415,-95.45372 -95.45537 -95.45605 -95.45562 -95.45558
1106-1130,IH-610 West Loop Southbound from Post Oak to Fournace,SB,29.75415 29.74745 29.7411 29.73195 29.7287 29.71675,-95.45558 -95.45662 -95.45832 -95.46012 -95.46052 -95.46028
1130-1131,IH-610 West Loop Southbound from Fournace to Evergreen,SB,29.71675 29.7117 29.70575 29.69855,-95.46028 -95.46018 -95.45942 -95.45918
1128-1129,IH-610 West Loop Northbound from Evergreen to Fournace,NB,29.69855 29.70575 29.7117 29.71675,-95.45918 -95.45942 -95.46018 -95.46028
1129-1107,IH-610 West Loop Northbound from Fournace to Post Oak,NB,29.71675 29.7287 29.73195 29.7411 29.74745 29.75415,-95.46028 -95.46052 -95.46012 -95.45832 -95.45662 -95.45558
1107-1100,IH-610 West Loop Northbound from Post Oak to IH-10 Katy,NB,29.75415 29.7599 29.77332 29.77846 29.78055,-95.45558 -95.45562 -95.45605 -95.45537 -95.45372
1100-1101,IH-610 West Loop Northbound from IH-10 Katy to Shepherd,NB,29.78055 29.7837 29.79118 29.79455 29.79975 29.80158 29.80683 29.81218 29.8127 29.8129,-95.45372 -95.45212 -95.45162 -95.45072 -95.44945 -95.44874 -95.445 -95.43333 -95.42938 -95.41085
1101-1102,IH-610 North Loop Eastbound from Shepherd/Durham to Irvington,EB,29.8129 29.813 29.81398 29.81402 29.81402 29.81375 29.8139,-95.41085 -95.3993 -95.39152 -95.38242 -95.3756 -95.36985 -95.36132
1102-1108,IH-610 North Loop Eastbound from Irvington to Hirsch,EB,29.8139 29.81348 29.8126 29.80995 29.8082 29.80855,-95.36132 -95.35248 -95.35032 -95.34248 -95.336 -95.32862
1108-1109,IH-610 North Loop Eastbound from Hirsch to Kirkpatrick,EB,29.80855 29.80935 29.80935 29.80745 29.80475 29.80432,-95.32862 -95.31715 -95.3053 -95.3019 -95.2966 -95.29112
1109-1112,IH-610 North Loop Eastbound from Kirkpatrick to Gellhorn,EB,29.80432 29.80435 29.7969 29.79181 29.78455,-95.29112 -95.28458 -95.27153 -95.26794 -95.2644
1117-1110,IH-610 North Loop Westbound from Gellhorn to Kirkpatrick,WB,29.78455 29.79181 29.7969 29.80435 29.80432,-95.2644 -95.26794 -95.27153 -95.28458 -95.29112
1110-1111,IH-610 North Loop Westbound from Kirkpatrick to Hirsch,WB,29.80432 29.80475 29.80745 29.80935 29.80935 29.80855,-95.29112 -95.2966 -95.3019 -95.3053 -95.31715 -95.32862
1111-1103,IH-610 North Loop Westbound from Hirsch to Irvington,WB,29.80855 29.8082 29.80995 29.8126 29.81348 29.8139,-95.32862 -95.336 -95.34248 -95.35032 -95.35248 -95.36132
1103-1104,IH-610 North Loop Westbound from Irvington to Shepherd/Durham,WB,29.8139 29.81375 29.81402 29.81402 29.81398 29.813 29.8129,-95.36132 -95.36985 -95.3756 -95.38242 -95.39152 -95.3993 -95.41085
1112-1113,IH-610 East Loop Southbound from Gellhorn to Clinton,SB,29.79181 29.78455 29.77555 29.7695 29.73815,-95.26794 -95.2644 -95.26398 -95.26528 -95.26522
1113-1114,IH-610 East Loop Southbound from Clinton to SH-225,SB,29.73815 29.7251 29.7139 29.70945,-95.26522 -95.26658 -95.26608 -95.26752
1115-1116,IH-610 East Loop Northbound from SH-225 to Clinton,NB,29.70945 29.7139 29.7251 29.73815,-95.26752 -95.26608 -95.26658 -95.26522
1116-1117,IH-610 East Loop Northbound from Clinton to Gellhorn,NB,29.73815 29.7695 29.77555 29.78455 29.79181,-95.26522 -95.26528 -95.26398 -95.2644 -95.26794
1131-1123,IH-610 South Loop Eastbound from Evergreen to Stella Link,EB,29.69855 29.68915 29.6814 29.6799 29.67929 29.67922 29.67928,-95.45918 -95.45912 -95.4585 -95.45712 -95.45501 -95.44827 -95.44
1123-1124,IH-610 South Loop Eastbound from Stella Link to Fannin,EB,29.67928 29.67924 29.67762 29.67763 29.67775 29.67794 29.67812 29.67906,-95.44 -95.4355 -95.42775 -95.42181 -95.4185 -95.4125 -95.40781 -95.40319
1124-1125,IH-610 South Loop Eastbound from Fannin to Scott,EB,29.67906 29.6805 29.68056 29.68094,-95.40319 -95.39319 -95.38113 -95.36675
1125-1126,IH-610 South Loop Eastbound from Scott to Crestmont,EB,29.68094 29.68046 29.68081 29.68313 29.68563 29.68887,-95.36675 -95.35987 -95.35594 -95.34913 -95.34081 -95.33195
1126-1127,IH-610 South Loop Eastbound from Crestmont to Telephone,EB,29.68887 29.6935 29.69488 29.69677 29.697 29.69575,-95.33195 -95.32238 -95.31925 -95.31459 -95.31082 -95.30019
1127-1115,IH-610 South Loop Eastbound from Telephone to SH-225,EB,29.69575 29.69556 29.69719 29.70245 29.70535 29.70018 29.70945,-95.30019 -95.29502 -95.28857 -95.27778 -95.27408 -95.28129 -95.26752
1114-1118,IH-610 South Loop Westbound from SH-225 to Telephone,WB,29.70945 29.70018 29.70535 29.70245 29.69719 29.69556 29.69575,-95.26752 -95.28129 -95.27408 -95.27778 -95.28857 -95.29502 -95.30019
1118-1119,IH-610 South Loop Westbound from Telephone to Crestmont,WB,29.69575 29.697 29.69677 29.69488 29.6935 29.68887,-95.30019 -95.31082 -95.31459 -95.31925 -95.32238 -95.33195
1119-1120,IH-610 South Loop Westbound from Crestmont to Scott,WB,29.68887 29.68563 29.68313 29.68081 29.68046 29.68094,-95.33195 -95.34081 -95.34913 -95.35594 -95.35987 -95.36675
1120-1121,IH-610 South Loop Westbound from Scott to Fannin,WB,29.68094 29.68056 29.6805 29.67906,-95.36675 -95.38113 -95.39319 -95.40319
1121-1122,IH-610 South Loop Westbound from Fannin to Stella Link,WB,29.67906 29.67812 29.67794 29.67775 29.67763 29.67762 29.67924 29.67928,-95.40319 -95.40781 -95.4125 -95.4185 -95.42181 -95.42775 -95.4355 -95.44
1122-1128,IH-610 South Loop Westbound from Stella Link to Evergreen,WB,29.67928 29.67922 29.67929 29.6799 29.6814 29.68915 29.69855,-95.44 -95.44827 -95.45501 -95.45712 -95.4585 -95.45912 -95.45918
90-91,Hardy Toll Road Southbound from IH-45 North to Cypresswood,SB,30.1059 30.103 30.09575 30.08769 30.07912 30.07444 30.07088 30.06575,-95.43452 -95.4295 -95.41537 -95.41281 -95.41062 -95.41156 -95.41144 -95.40819
91-92,Hardy Toll Road Southbound from Cypresswood to FM-1960,SB,30.06575 30.06288 30.05181 30.04175 30.0265,-95.40819 -95.40612 -95.40369 -95.40794 -95.40444
92-93,Hardy Toll Road Southbound from FM-1960 to Greens,SB,30.0265 30.00894 30.00182 29.99607 29.97357 29.97055 29.96863 29.96532 29.95738 29.9543 29.95226,-95.40444 -95.40343 -95.39825 -95.39681 -95.39012 -95.38231 -95.38062 -95.38 -95.38031 -95.38283 -95.38412
93-94,Hardy Toll Road Southbound from Greens to Aldine-Bender,SB,29.95226 29.93888 29.93276,-95.38412 -95.38137 -95.37968
94-95,Hardy Toll Road Southbound from Aldine-Bender to Little York,SB,29.93276 29.90213 29.89019 29.87076,-95.37968 -95.37268 -95.36987 -95.36518
95-96,Hardy Toll Road Southbound from Little York to IH-610 North Loop,SB,29.87076 29.85919 29.84651 29.82882 29.82182 29.81976 29.81395,-95.36518 -95.36237 -95.35906 -95.35468 -95.35599 -95.35545 -95.35243
97-98,Hardy Toll Road Northbound from IH-610 North Loop to Little York,NB,29.81395 29.81976 29.82182 29.82882 29.84651 29.85919 29.87076,-95.35243 -95.35545 -95.35599 -95.35468 -95.35906 -95.36237 -95.36518
98-99,Hardy Toll Road Northbound from Little York to Aldine-Bender,NB,29.87076 29.89019 29.90213 29.93276,-95.36518 -95.36987 -95.37268 -95.37968
99-100,Hardy Toll Road Northbound from Aldine-Bender to Greens,NB,29.93276 29.93888 29.95226,-95.37968 -95.38137 -95.38412
100-101,Hardy Toll Road Northbound from Greens to FM-1960,NB,29.95226 29.9543 29.95738 29.96532 29.96863 29.97055 29.97357 29.99607 30.00182 30.00894 30.0265,-95.38412 -95.38283 -95.38031 -95.38 -95.38062 -95.38231 -95.39012 -95.39681 -95.39825 -95.40343 -95.40444
101-102,Hardy Toll Road Northbound from FM-1960 to Cypresswood,NB,30.0265 30.04175 30.05181 30.06288 30.06575,-95.40444 -95.40794 -95.40369 -95.40612 -95.40819
102-103,Hardy Toll Road Northbound from Cypresswood to IH-45 North,NB,30.06575 30.07088 30.07444 30.07912 30.08769 30.09575 30.103 30.1059,-95.40819 -95.41144 -95.41156 -95.41062 -95.41281 -95.41537 -95.4295 -95.43452
1425-1426,Beltway 8-West Southbound from Fallbrook to West,SB,29.9237 29.9089 29.9029,-95.555 -95.55595 -95.5521
1426-1427,Beltway 8-West Southbound from West to Gulf Bank,SB,29.9029 29.90035 29.88675 29.87905,-95.5521 -95.55035 -95.5492 -95.5491
1427-1428,Beltway 8-West Southbound from Gulf Bank to West Little York,SB,29.87905 29.87378 29.87127 29.86728,-95.5491 -95.55585 -95.56135 -95.56375
1428-1429,Beltway 8-West Southbound from West Little York to Clay,SB,29.86728 29.85028 29.83198,-95.56375 -95.56385 -95.56385
1429-1430,Beltway 8-West Southbound from Clay to Kempwood,SB,29.83198 29.82278,-95.56385 -95.56385
1430-1431,Beltway 8-West Southbound from Kempwood to Hammerly,SB,29.82278 29.81268,-95.56385 -95.56365
1431-1432,Beltway 8-West Southbound from Hammerly to Buffalo Bayou,SB,29.81268 29.79087 29.78428 29.77278 29.76728 29.76188,-95.56365 -95.56345 -95.56315 -95.56285 -95.56175 -95.55805
1432-1433,Beltway 8-West Southbound from Buffalo Bayou to Briar Forest,SB,29.76188 29.74778,-95.55805 -95.55795
1433-1434,Beltway 8-West Southbound from Briar Forest to Richmond,SB,29.74778 29.73698 29.72767,-95.55795 -95.55765 -95.55755
1434-1437,Beltway 8-West Southbound from Richmond to Beechnut,SB,29.72767 29.72207 29.71668 29.70448 29.68948,-95.55755 -95.55765 -95.55735 -95.55735 -95.55745
1437-1438,Beltway 8-West Southbound from Beechnut to US-59 Southwest,SB,29.68948 29.67468 29.66168,-95.55745 -95.56045 -95.55835
1435-1436,Beltway 8-West Northbound from US-59 Southwest to Beechnut,NB,29.66168 29.67468 29.68948,-95.55835 -95.56045 -95.55745
1436-1415,Beltway 8-West Northbound from Beechnut to Richmond,NB,29.68948 29.70448 29.71668 29.72207 29.72767,-95.55745 -95.55735 -95.55735 -95.55765 -95.55755
1415-1416,Beltway 8-West Northbound from Richmond to Briar Forest,NB,29.72767 29.73698 29.74778,-95.55755 -95.55765 -95.55795
1416-1417,Beltway 8-West Northbound from Briar Forest to Buffalo Bayou,NB,29.74778 29.76188,-95.55795 -95.55805
1417-1418,Beltway 8-West Northbound from Buffalo Bayou to Hammerly,NB,29.76188 29.76728 29.77278 29.78428 29.79087 29.81268,-95.55805 -95.56175 -95.56285 -95.56315 -95.56345 -95.56365
1418-1419,Beltway 8-West Northbound from Hammerly to Kempwood,NB,29.81268 29.82278,-95.56365 -95.56385
1419-1420,Beltway 8-West Northbound from Kempwood to Clay,NB,29.82278 29.83198,-95.56385 -95.56385
1420-1421,Beltway 8-West Northbound from Clay to West Little York,NB,29.83198 29.85028 29.86728,-95.56385 -95.56385 -95.56375
1421-1422,Beltway 8-West Northbound from West Little York to Gulf Bank,NB,29.86728 29.87127 29.87378 29.87905,-95.56375 -95.56135 -95.55585 -95.5491
1422-1423,Beltway 8-West Northbound from Gulf Bank to West,NB,29.87905 29.88675 29.90035 29.9029,-95.5491 -95.5492 -95.55035 -95.5521
1423-1424,Beltway 8-West Northbound from West to Fallbrook,NB,29.9029 29.9089 29.9237,-95.5521 -95.55595 -95.555
1424-1465,Beltway 8-North Eastbound from Fallbrook to SH-249,EB,29.9237 29.9263 29.92985 29.9358 29.93705,-95.555 -95.55255 -95.54405 -95.5293 -95.51625
1465-1466,Beltway 8-North Eastbound from SH-249 to North Toll Plaza,EB,29.93705 29.9371 29.93735 29.93761,-95.51625 -95.49805 -95.4833 -95.4717
1466-1468,Beltway 8-North Eastbound from North Toll Plaza to Hardy Toll Road,EB,29.93761 29.9377 29.93765 29.9378 29.93965 29.9407 29.9398 29.9387 29.93885,-95.4717 -95.46 -95.4549 -95.43235 -95.4247 -95.41395 -95.3994 -95.38325 -95.38135
1468-1407,Beltway 8-North Eastbound from Hardy Toll Road to John F Kennedy Blvd,EB,29.93885 29.93905 29.9392,-95.38135 -95.35615 -95.33155
1407-1408,Beltway 8-North Eastbound from John F Kennedy Blvd to Wilson Rd,EB,29.9392 29.93935 29.93995 29.9402 29.94019 29.94062 29.94079 29.94059 29.93968 29.93853 29.93555 29.93489 29.93464,-95.33155 -95.31562 -95.30342 -95.29672 -95.28784 -95.28324 -95.28026 -95.27728 -95.27216 -95.26844 -95.25908 -95.25654 -95.24948
1405-1406,Beltway 8-North Westbound from Wilson Rd to John F Kennedy Blvd,WB,29.93464 29.93489 29.93555 29.93853 29.93968 29.94059 29.94079 29.94062 29.94019 29.9402 29.93995 29.93935 29.9392,-95.24948 -95.25654 -95.25908 -95.26844 -95.27216 -95.27728 -95.28026 -95.28324 -95.28784 -95.29672 -95.30342 -95.31562 -95.33155
1406-1469,Beltway 8-North Westbound from John F Kennedy Blvd to Hardy Toll Road,WB,29.9392 29.93905 29.93885,-95.33155 -95.35615 -95.38135
1469-1471,Beltway 8-North Westbound from Hardy Toll Road to North Toll Plaza,WB,29.93885 29.9387 29.9398 29.9407 29.93965 29.9378 29.93765 29.9377 29.93761,-95.38135 -95.38325 -95.3994 -95.41395 -95.4247 -95.43235 -95.4549 -95.46 -95.4717
1471-1472,Beltway 8-North Westbound from North Toll Plaza to SH-249,WB,29.93761 29.93735 29.9371 29.93705,-95.4717 -95.4833 -95.49805 -95.51625
1472-1425,Beltway 8-North Westbound from SH-249 to Fallbrook,WB,29.93705 29.9358 29.92985 29.9263 29.9237,-95.51625 -95.5293 -95.54405 -95.55255 -95.555
1408-1410,Beltway 8-East Southbound from Wilson Rd to Winfield,SB,29.93464 29.93467 29.934 29.93418 29.93424 29.93272 29.92846 29.92637 29.9246 29.92295 29.91943 29.90675,-95.24948 -95.24245 -95.23537 -95.22557 -95.21155 -95.20739 -95.20188 -95.2005 -95.19992 -95.19982 -95.20035 -95.20234
1410-1411,Beltway 8-East Southbound from Winfield to Little York,SB,29.90675 29.90124 29.89601 29.89126 29.88838 29.88313 29.87255 29.87065,-95.20234 -95.20309 -95.20306 -95.20298 -95.20203 -95.19779 -95.18873 -95.18774
1411-1412,Beltway 8-East Southbound from Little York to Wallisville,SB,29.87065 29.86875 29.8533 29.84781 29.84505 29.84305 29.84081 29.83263 29.82536 29.81611 29.80866,-95.18774 -95.18733 -95.18703 -95.18688 -95.1863 -95.18539 -95.18369 -95.17589 -95.16924 -95.16458 -95.1634
1412-1413,Beltway 8-East Southbound from Wallisville to Jacinto Port,SB,29.80866 29.79767 29.79349 29.79056 29.78507 29.78234 29.77863 29.77645 29.77421 29.77125 29.76468 29.75506,-95.1634 -95.16331 -95.16237 -95.16115 -95.15891 -95.15853 -95.15834 -95.15763 -95.15624 -95.1535 -95.14813 -95.14594
1413-1461,Beltway 8-East Southbound from Jacinto Port to Greenshadow,SB,29.75506 29.73662 29.72306 29.7175 29.71225 29.70169,-95.14594 -95.14619 -95.14775 -95.15081 -95.15363 -95.15369
1461-1462,Beltway 8-East Southbound from Greenshadow to Spencer,SB,29.70169 29.69006 29.68394 29.6815 29.6655,-95.15369 -95.15363 -95.15481 -95.15563 -95.156
1462-1463,Beltway 8-East Southbound from Spencer to Preston,SB,29.6655 29.65806 29.64975 29.63962 29.63344,-95.156 -95.15638 -95.15631 -95.161 -95.16763
1463-1464,Beltway 8-East Southbound from Preston to Old Galveston Road,SB,29.63344 29.6305 29.6265 29.6165,-95.16763 -95.17063 -95.17556 -95.19194
1457-1458,Beltway 8-East Northbound from Old Galveston Road to Preston,NB,29.6165 29.6265 29.6305 29.63344,-95.19194 -95.17556 -95.17063 -95.16763
1458-1459,Beltway 8-East Northbound from Preston to Spencer,NB,29.63344 29.63962 29.64975 29.65806 29.6655,-95.16763 -95.161 -95.15631 -95.15638 -95.156
1459-1460,Beltway 8-East Northbound from Spencer to Greenshadow,NB,29.6655 29.6815 29.68394 29.69006 29.70169,-95.156 -95.15563 -95.15481 -95.15363 -95.15369
1460-1400,Beltway 8-East Northbound from Greenshadow to Jacinto Port,NB,29.70169 29.71225 29.7175 29.72306 29.73662 29.75506,-95.15369 -95.15363 -95.15081 -95.14775 -95.14619 -95.14594
1400-1401,Beltway 8-East Northbound from Jacinto Port to Wallisville,NB,29.75506 29.76468 29.77125 29.77421 29.77645 29.77863 29.78234 29.78507 29.79056 29.79349 29.79767 29.80866,-95.14594 -95.14813 -95.1535 -95.15624 -95.15763 -95.15834 -95.15853 -95.15891 -95.16115 -95.16237 -95.16331 -95.1634
1401-1402,Beltway 8-East Northbound from Wallisville to Little York,NB,29.80866 29.81611 29.82536 29.83263 29.84081 29.84305 29.84505 29.84781 29.8533 29.86875 29.87065,-95.1634 -95.16458 -95.16924 -95.17589 -95.18369 -95.18539 -95.1863 -95.18688 -95.18703 -95.18733 -95.18774
1402-1403,Beltway 8-East Northbound from Little York to Winfield,NB,29.87065 29.87255 29.88313 29.88838 29.89126 29.89601 29.90124 29.90675,-95.18774 -95.18873 -95.19779 -95.20203 -95.20298 -95.20306 -95.20309 -95.20234
1403-1405,Beltway 8-East Northbound from Winfield to Wilson Rd,NB,29.90675 29.91943 29.92295 29.9246 29.92637 29.92846 29.93272 29.93424 29.93418 29.934 29.93467 29.93464,-95.20234 -95.20035 -95.19982 -95.19992 -95.2005 -95.20188 -95.20739 -95.21155 -95.22557 -95.23537 -95.24245 -95.24948
1438-1448,Beltway 8-South Eastbound from US-59 Southwest to Gessner,EB,29.66168 29.65362 29.64419 29.63725,-95.55835 -95.55025 -95.53913 -95.53088
1448-1449,Beltway 8-South Eastbound from Gessner to Hillcroft,EB,29.63725 29.62638 29.62069 29.61419,-95.53088 -95.51781 -95.50844 -95.49475
1449-1450,Beltway 8-South Eastbound from Hillcroft to South Post Oak,EB,29.61419 29.61331 29.60031,-95.49475 -95.49319 -95.46481
1450-1451,Beltway 8-South Eastbound from South Post Oak to Almeda,EB,29.60031 29.59713 29.59681 29.59713,-95.46481 -95.45668 -95.44662 -95.42625
1451-1452,Beltway 8-South Eastbound from Almeda to SH-288,EB,29.59713 29.59688 29.59694 29.59732,-95.42625 -95.41725 -95.40887 -95.38656
1452-1453,Beltway 8-South Eastbound from SH-288 to Cullen,EB,29.59732 29.59844 29.59913,-95.38656 -95.35712 -95.3535
1453-1454,Beltway 8-South Eastbound from Cullen to Mykawa,EB,29.59913 29.59969 29.60019 29.60056,-95.3535 -95.35024 -95.34037 -95.29856
1454-1455,Beltway 8-South Eastbound from Mykawa to Monroe,EB,29.60056 29.60031 29.59998,-95.29856 -95.28643 -95.26967
1455-1456,Beltway 8-South Eastbound from Monroe to Beamer,EB,29.59998 29.60075 29.60106,-95.26967 -95.24724 -95.22881
1456-1457,Beltway 8-South Eastbound from Beamer to Old Galveston Road,EB,29.60106 29.60119 29.60294 29.60656 29.6165,-95.22881 -95.21606 -95.21106 -95.20537 -95.19194
1464-1439,Beltway 8-South Westbound from Old Galveston Road to Beamer,WB,29.6165 29.60656 29.60294 29.60119 29.60106,-95.19194 -95.20537 -95.21106 -95.21606 -95.22881
1439-1440,Beltway 8-South Westbound from Beamer to Monroe,WB,29.60106 29.60075 29.59998,-95.22881 -95.24724 -95.26967
1440-1441,Beltway 8-South Westbound from Monroe to Mykawa,WB,29.59998 29.60031 29.60056,-95.26967 -95.28643 -95.29856
1441-1442,Beltway 8-South Westbound from Mykawa to Cullen,WB,29.60056 29.60019 29.59969 29.59913,-95.29856 -95.34037 -95.35024 -95.3535
1442-1443,Beltway 8-South Westbound from Cullen to SH-288,WB,29.59913 29.59844 29.59732,-95.3535 -95.35712 -95.38656
1443-1444,Beltway 8-South Westbound from SH-288 to Almeda,WB,29.59732 29.59694 29.59688 29.59713,-95.38656 -95.40887 -95.41725 -95.42625
1444-1445,Beltway 8-South Westbound from Almeda to South Post Oak,WB,29.59713 29.59681 29.59713 29.60031,-95.42625 -95.44662 -95.45668 -95.46481
1445-1446,Beltway 8-South Westbound from South Post Oak to Hillcroft,WB,29.60031 29.61331 29.61419,-95.46481 -95.49319 -95.49475
1446-1447,Beltway 8-South Westbound from Hillcroft to Gessner,WB,29.61419 29.62069 29.62638 29.63725,-95.49475 -95.50844 -95.51781 -95.53088
1447-1435,Beltway 8-South Westbound from Gessner to US-59 Southwest,WB,29.63725 29.64419 29.65362 29.66168,-95.53088 -95.53913 -95.55025 -95.55835
1825-1826,SH-225 Eastbound from IH-610 East Loop to Scarborough,EB,29.70962 29.70781 29.70606 29.70775,-95.26663 -95.25694 -95.24519 -95.22825
1826-1827,SH-225 Eastbound from Scarborough to Pasadena Blvd,EB,29.70775 29.71025 29.71112 29.71212,-95.22825 -95.22 -95.21169 -95.20137
1827-1828,SH-225 Eastbound from Pasadena Blvd to Preston,EB,29.71212 29.71244 29.71281 29.71269,-95.20137 -95.19744 -95.18425 -95.17162
1828-1829,SH-225 Eastbound from Preston to Railroad Street,EB,29.71269 29.71219 29.71225,-95.17162 -95.15343 -95.14107
1829-1830,SH-225 Eastbound from Railroad Street to Tidal,EB,29.71225 29.7115 29.71063,-95.14107 -95.12406 -95.11325
1830-1831,SH-225 Eastbound from Tidal to Battleground,EB,29.71063 29.70475,-95.11325 -95.09331
1831-1832,SH-225 Eastbound from Battleground to SH-146,EB,29.70475 29.69669 29.69063 29.68719,-95.09331 -95.06675 -95.04706 -95.03093
1833-1834,SH-225 Westbound from SH-146 to Battleground,WB,29.68719 29.69063 29.69669 29.70475,-95.03093 -95.04706 -95.06675 -95.09331
1834-1835,SH-225 Westbound from Battleground to Tidal,WB,29.70475 29.71063,-95.09331 -95.11325
1835-1836,SH-225 Westbound from Tidal to Railroad Street,WB,29.71063 29.7115 29.71225,-95.11325 -95.12406 -95.14107
1836-1837,SH-225 Westbound from Railroad Street to Preston,WB,29.71225 29.71219 29.71269,-95.14107 -95.15343 -95.17162
1837-1838,SH-225 Westbound from Preston to Pasadena Blvd,WB,29.71269 29.71281 29.71244 29.71212,-95.17162 -95.18425 -95.19744 -95.20137
1838-1839,SH-225 Westbound from Pasadena Blvd to Scarborough,WB,29.71212 29.71112 29.71025 29.70775,-95.20137 -95.21169 -95.22 -95.22825
1839-1840,SH-225 Westbound from Scarborough to IH-610 East Loop,WB,29.70775 29.70606 29.70781 29.70962,-95.22825 -95.24519 -95.25694 -95.26663
1811-1812,SH-249 Southbound from Spring-Cypress to Louetta,SB,30.01311 30.00159 29.99687,-95.5905 -95.58307 -95.57947
1812-1813,SH-249 Southbound from Louetta to Perry,SB,29.99687 29.99267 29.98118 29.97349,-95.57947 -95.57543 -95.56754 -95.56316
1813-1814,SH-249 Southbound from Perry to Greens,SB,29.97349 29.96761 29.96096 29.95757 29.95315,-95.56316 -95.55702 -95.54758 -95.54119 -95.53778
1814-1815,SH-249 Southbound from Greens to Beltway 8-North,SB,29.95315 29.95014 29.94486 29.93991,-95.53778 -95.53342 -95.52642 -95.51831
1800-1801,SH-249 Northbound from Beltway 8-North to Greens,NB,29.93991 29.94486 29.95014 29.95315,-95.51831 -95.52642 -95.53342 -95.53778
1801-1802,SH-249 Northbound from Greens to Perry,NB,29.95315 29.95757 29.96096 29.96761 29.97349,-95.53778 -95.54119 -95.54758 -95.55702 -95.56316
1802-1803,SH-249 Northbound from Perry to Louetta,NB,29.97349 29.98118 29.99267 29.99687,-95.56316 -95.56754 -95.57543 -95.57947
1803-1804,SH-249 Northbound from Louetta to Spring-Cypress,NB,29.99687 30.00159 30.01311,-95.57947 -95.58307 -95.5905
1911-1846,SH-146 Northbound from Port Rd to Wharton Weems,NB,29.60372 29.61712 29.61949 29.62425 29.62679 29.62975 29.63459 29.63833,-95.03197 -95.0338 -95.03408 -95.0343 -95.03367 -95.03231 -95.03021 -95.03053
1846-1847,SH-146 Northbound from Wharton Weems to Spencer Highway,NB,29.63833 29.65224 29.66003 29.66521,-95.03053 -95.02998 -95.02918 -95.02925
1847-1848,SH-146 Northbound from Spencer Highway to SH-225,NB,29.66521 29.67306 29.68843,-95.02925 -95.02938 -95.03041
1848-1849,SH-146 Northbound from SH-225 to Fred Hartman Bridge North,NB,29.68843 29.69463 29.69898 29.71497,-95.03041 -95.02777 -95.02243 -94.99912
1849-1850,SH-146 Northbound from Fred Hartman Bridge North to W Texas,NB,29.71497 29.72359 29.7263 29.73025 29.73345 29.73574 29.74066,-94.99912 -94.99159 -94.99135 -94.99339 -94.99451 -94.99397 -94.99056
1851-1852,SH-146 Southbound from W Texas to Fred Hartman Bridge North,SB,29.74066 29.73574 29.73345 29.73025 29.7263 29.72359 29.71497,-94.99056 -94.99397 -94.99451 -94.99339 -94.99135 -94.99159 -94.99912
1852-1853,SH-146 Southbound from Fred Hartman Bridge North to SH-225,SB,29.71497 29.69898 29.69463 29.68843,-94.99912 -95.02243 -95.02777 -95.03041
1853-1854,SH-146 Southbound from SH-225 to Spencer Highway,SB,29.68843 29.67306 29.66521,-95.03041 -95.02938 -95.02925
1854-1855,SH-146 Southbound from Spencer Highway to Wharton Weems,SB,29.66521 29.66003 29.65224 29.63833,-95.02925 -95.02918 -95.02998 -95.03053
1855-1912,SH-146 Southbound from Wharton Weems to Port Rd,SB,29.63833 29.63459 29.62975 29.62679 29.62425 29.61949 29.61712 29.60372,-95.03053 -95.03021 -95.03231 -95.03367 -95.0343 -95.03408 -95.0338 -95.03197
1850-1856,Spur-330 Westbound from W Texas to Rollingbrook,WB,29.74066 29.74674 29.74886 29.75301 29.75406 29.75598,-94.99056 -94.98629 -94.98756 -94.99056 -94.99174 -94.99541
1856-1857,Spur-330 Westbound from Rollingbrook to Baker,WB,29.75598 29.76605 29.77002,-94.99541 -95.00783 -95.01288
1857-1858,Spur-330 Westbound from Baker to Wade Road,WB,29.77002 29.77326,-95.01288 -95.01644
1858-1859,Spur-330 Westbound from Wade Road to N Market Loop,WB,29.77326 29.77859 29.783 29.78645,-95.01644 -95.02182 -95.03202 -95.0394
1860-1861,Spur-330 Eastbound from N Market Loop to Wade Road,EB,29.78645 29.783 29.77859 29.77326,-95.0394 -95.03202 -95.02182 -95.01644
1861-1862,Spur-330 Eastbound from Wade Road to Baker,EB,29.77326 29.77002,-95.01644 -95.01288
1862-1863,Spur-330 Eastbound from Baker to Rollingbrook,EB,29.77002 29.76605 29.75598,-95.01288 -95.00783 -94.99541
1863-1851,Spur-330 Eastbound from Rollingbrook to W Texas,EB,29.75598 29.75406 29.75301 29.74886 29.74674 29.74066,-94.99541 -94.99174 -94.99056 -94.98756 -94.98629 -94.99056
346-347,Westpark Tollway Eastbound from SH-6 to Wilcrest,EB,29.71092 29.71178 29.71348 29.71342 29.71422 29.71488 29.71522 29.71558 29.71662 29.71687,-95.6442 -95.63445 -95.61415 -95.6147 -95.6048 -95.59655 -95.59225 -95.58765 -95.57565 -95.5714
347-348,Westpark Tollway Eastbound from Wilcrest to Gessner,EB,29.71687 29.71808 29.71882 29.71962,-95.5714 -95.55755 -95.5489 -95.53919
348-349,Westpark Tollway Eastbound from Gessner to Hillcroft,EB,29.71962 29.7205 29.7205 29.72188,-95.53919 -95.52756 -95.52756 -95.51406
349-350,Westpark Tollway Eastbound from Hillcroft to Rice,EB,29.72188 29.7223 29.7223 29.7223 29.7223,-95.51406 -95.49912 -95.49912 -95.49912 -95.49912
341-342,Westpark Tollway Westbound from Rice to Hillcroft,WB,29.7223 29.7223 29.7223 29.7223 29.72188,-95.49912 -95.49912 -95.49912 -95.49912 -95.51406
342-343,Westpark Tollway Westbound from Hillcroft to Gessner,WB,29.72188 29.7205 29.7205 29.71962,-95.51406 -95.52756 -95.52756 -95.53919
343-344,Westpark Tollway Westbound from Gessner to Wilcrest,WB,29.71962 29.71882 29.71808 29.71687,-95.53919 -95.5489 -95.55755 -95.5714
344-345,Westpark Tollway Westbound from Wilcrest to SH-6,WB,29.71687 29.71662 29.71558 29.71522 29.71488 29.71422 29.71342 29.71348 29.71178 29.71092,-95.5714 -95.57565 -95.58765 -95.59225 -95.59655 -95.6048 -95.6147 -95.61415 -95.63445 -95.6442
2200-2202,US-90 Eastbound from Oates Rd to S Lake Houston Parkway,EB,29.78092 29.78271 29.78512 29.78924 29.7913 29.79532 29.79804 29.80176 29.81376 29.81698,-95.2514 -95.24958 -95.24608 -95.23947 -95.23597 -95.22837 -95.22494 -95.22134 -95.20953 -95.20729
2202-2204,US-90 Eastbound from S Lake Houston Parkway to Miller Road Number 3,EB,29.81698 29.81913 29.82159 29.82975 29.8326 29.84097,-95.20729 -95.20507 -95.20019 -95.18244 -95.17586 -95.15628
2204-2206,US-90 Eastbound from Miller Road Number 3 to San Jacinto River,EB,29.84097 29.84651 29.85269 29.86566,-95.15628 -95.14344 -95.12792 -95.09371
2206-2208,US-90 Eastbound from San Jacinto River to FM-1942,EB,29.86566 29.87035 29.88421,-95.09371 -95.08137 -95.06315
2208-2210,US-90 Eastbound from FM-1942 to Runneburg Rd,EB,29.88421 29.88729 29.89067 29.89952 29.9117,-95.06315 -95.06112 -95.05973 -95.0547 -95.04719
2210-2212,US-90 Eastbound from Runneburg Rd to Janacek Rd,EB,29.9117 29.93303 29.93973,-95.04719 -95.03448 -95.02785
2212-2214,US-90 Eastbound from Janacek Rd to Liberty County Line,EB,29.93973 29.96367 29.98046,-95.02785 -94.9964 -94.97529
2215-2213,US-90 Westbound from Liberty County Line to Janacek Rd,WB,29.98046 29.96367 29.93973,-94.97529 -94.9964 -95.02785
2213-2211,US-90 Westbound from Janacek Rd to Runneburg Rd,WB,29.93973 29.93303 29.9117,-95.02785 -95.03448 -95.04719
2211-2209,US-90 Westbound from Runneburg Rd to FM-1942,WB,29.9117 29.89952 29.89067 29.88729 29.88421,-95.04719 -95.0547 -95.05973 -95.06112 -95.06315
2209-2207,US-90 Westbound from FM-1942 to San Jacinto River,WB,29.88421 29.87035 29.86566,-95.06315 -95.08137 -95.09371
2207-2205,US-90 Westbound from San Jacinto River to Miller Road Number 3,WB,29.86566 29.85269 29.84651 29.84097,-95.09371 -95.12792 -95.14344 -95.15628
2205-2203,US-90 Westbound from Miller Road Number 3 to S Lake Houston Parkway,WB,29.84097 29.8326 29.82975 29.82159 29.81913 29.81698,-95.15628 -95.17586 -95.18244 -95.20019 -95.20507 -95.20729
2203-2201,US-90 Westbound from S Lake Houston Parkway to Oates Rd,WB,29.81698 29.81376 29.80176 29.79804 29.79532 29.7913 29.78924 29.78512 29.78271 29.78092,-95.20729 -95.20953 -95.22134 -95.22494 -95.22837 -95.23597 -95.23947 -95.24608 -95.24958 -95.2514
2318-2319,SH-99 West Northbound from Bellaire to S Fry Rd,NB,29.69052 29.69711 29.69818 29.7006 29.70394 29.70636 29.70829 29.70983 29.71418,-95.76959 -95.77502 -95.7755 -95.77583 -95.77617 -95.7761 -95.77573 -95.77523 -95.77341
2319-2320,SH-99 West Northbound from S Fry Rd to Cinco Ranch Blvd,NB,29.71418 29.7162 29.71818 29.73345 29.74404,-95.77341 -95.77294 -95.77273 -95.77289 -95.77302
2320-2321,SH-99 West Northbound from Cinco Ranch Blvd to Kingsland,NB,29.74404 29.74499 29.74631 29.74769 29.75067 29.75207 29.75329 29.75662 29.76656 29.76869 29.77208,-95.77302 -95.7731 -95.77336 -95.77396 -95.77567 -95.77611 -95.77628 -95.77627 -95.77623 -95.77651 -95.7772
2321-2317,SH-99 West Northbound from Kingsland to IH-10 Katy,NB,29.77208 29.77325 29.7942,-95.7772 -95.7773 -95.77636
2317-2315,SH-99 West Northbound from IH-10 Katy to Morton,NB,29.7942 29.80499 29.816 29.81832,-95.77636 -95.77619 -95.77255 -95.77216
2315-2313,SH-99 West Northbound from Morton to Clay Rd,NB,29.81832 29.83091,-95.77216 -95.76216
2313-2311,SH-99 West Northbound from Clay Rd to Beckendorff,NB,29.83091 29.84123 29.84774 29.86108,-95.76216 -95.76171 -95.75969 -95.75765
2311-2309,SH-99 West Northbound from Beckendorff to Longenbaugh,NB,29.86108 29.87767 29.89123,-95.75765 -95.75963 -95.75962
2309-2307,SH-99 West Northbound from Longenbaugh to West Rd,NB,29.89123 29.90367 29.90659 29.91179,-95.75962 -95.76138 -95.7605 -95.76141
2307-2305,SH-99 West Northbound from West Rd to House Hahl,NB,29.91179 29.91921 29.93451 29.93701 29.94054,-95.76141 -95.76221 -95.76344 -95.7638 -95.76544
2305-2303,SH-99 West Northbound from House Hahl to Bridgeland Lake Parkway,NB,29.94054 29.94759 29.95894,-95.76544 -95.76889 -95.7675
2303-2301,SH-99 West Northbound from Bridgeland Lake Parkway to US-290 Northwest,NB,29.95894 29.97676 29.98396 29.99399,-95.7675 -95.76856 -95.76815 -95.76708
2300-2302,SH-99 West Southbound from US-290 Northwest to Bridgeland Lake Parkway,SB,29.99399 29.98396 29.97676 29.95894,-95.76708 -95.76815 -95.76856 -95.7675
2302-2304,SH-99 West Southbound from Bridgeland Lake Parkway to House Hahl,SB,29.95894 29.94759 29.94054,-95.7675 -95.76889 -95.76544
2304-2306,SH-99 West Southbound from House Hahl to West Rd,SB,29.94054 29.93701 29.93451 29.91921 29.91179,-95.76544 -95.7638 -95.76344 -95.76221 -95.76141
2306-2308,SH-99 West Southbound from West Rd to Longenbaugh,SB,29.91179 29.90659 29.90367 29.89123,-95.76141 -95.7605 -95.76138 -95.75962
2308-2310,SH-99 West Southbound from Longenbaugh to Beckendorff,SB,29.89123 29.87767 29.86108,-95.75962 -95.75963 -95.75765
2310-2312,SH-99 West Southbound from Beckendorff to Clay Rd,SB,29.86108 29.84774 29.84123 29.83091,-95.75765 -95.75969 -95.76171 -95.76216
2312-2314,SH-99 West Southbound from Clay Rd to Morton,SB,29.83091 29.81832,-95.76216 -95.77216
2314-2316,SH-99 West Southbound from Morton to IH-10 Katy,SB,29.81832 29.816 29.80499 29.7942,-95.77216 -95.77255 -95.77619 -95.77636
2316-2322,SH-99 West Southbound from IH-10 Katy to Kingsland,SB,29.7942 29.77325 29.77208,-95.77636 -95.7773 -95.7772
2322-2323,SH-99 West Southbound from Kingsland to Cinco Ranch Blvd,SB,29.77208 29.76869 29.76656 29.75662 29.75329 29.75207 29.75067 29.74769 29.74631 29.74499 29.74404,-95.7772 -95.77651 -95.77623 -95.77627 -95.77628 -95.77611 -95.77567 -95.77396 -95.77336 -95.7731 -95.77302
2323-2324,SH-99 West Southbound from Cinco Ranch Blvd to S Fry Rd,SB,29.74404 29.73345 29.71818 29.7162 29.71418,-95.77302 -95.77289 -95.77273 -95.77294 -95.77341
2324-2325,SH-99 West Southbound from S Fry Rd to Bellaire,SB,29.71418 29.70983 29.70829 29.70636 29.70394 29.7006 29.69818 29.69711 29.69052,-95.77341 -95.77523 -95.77573 -95.7761 -95.77617 -95.77583 -95.7755 -95.77502 -95.76959